{
  "comments": [
    {
      "canvasID": "",
      "elementID": "",
      "canvasURL": "",
      "author": "Victor Conesa",
      "authorID" : 1674,
      "code": 1,
      "parentCode": null,
      "content": "Valid sign ins:\n- Email: admin Pass:medicalcare\n  This is the administrator user, he can assign quotes to other users\n\nThese are normal users, they'll see the quotes assigned by the administrator\n\n- Email: john Pass: john\n- Email: steve Pass: steve\n- Email: rich Pass: rich",
      "timestamp": "1428517127504",
      "date": "09-Apr-2015 01:18",
      "fileName": "",
      "isRead": true
    }
  ]
}